train_error,val_error
2.863940343322195,1.4208100154888297
1.4324823745886996,1.4882426284771497
1.4304818627745999,1.409031483836281
1.4341410043007572,1.4145299208765143
1.4232192284593828,1.427948912364883
1.4212026410001812,1.4994106952771014
1.4348054493398161,1.435748586398135
1.423418798907548,1.4549072538427283
1.421320422784573,1.469742654283371
1.419069694230288,1.4124109545784687
