,predictions,data_codes
0,0.8266073652678959,rec1
1,0.2898326020689195,rec2
